{"cameraMode":{"drawMode":0,"name":"Shaded","section":"Shading Mode"},"sceneLighting":false,"audioPlay":false,"sceneViewState":{"m_AlwaysRefresh":false,"showFog":true,"showSkybox":false,"showFlares":true,"showImageEffects":true,"showParticleSystems":true,"showVisualEffectGraphs":true,"m_FxEnabled":true},"in2DMode":false,"pivot":{"x":111.24380493164063,"y":-101.30150604248047,"z":-182.58531188964845},"rotation":{"x":0.050566527992486957,"y":0.2669449746608734,"z":-0.014026700519025326,"w":0.9622909426689148},"size":12.210918426513672,"orthographic":false}