{"cameraMode":{"drawMode":0,"name":"Shaded","section":"Shading Mode"},"sceneLighting":false,"audioPlay":false,"sceneViewState":{"m_AlwaysRefresh":false,"showFog":true,"showSkybox":false,"showFlares":true,"showImageEffects":true,"showParticleSystems":true,"showVisualEffectGraphs":true,"m_FxEnabled":true},"in2DMode":false,"pivot":{"x":102.46543884277344,"y":-99.50202178955078,"z":-191.4796600341797},"rotation":{"x":0.27971136569976809,"y":0.007777759805321693,"z":-0.002268955809995532,"w":0.9600610136985779},"size":12.210918426513672,"orthographic":false}