{"cameraMode":{"drawMode":0,"name":"Shaded","section":"Shading Mode"},"sceneLighting":false,"audioPlay":false,"sceneViewState":{"m_AlwaysRefresh":false,"showFog":true,"showSkybox":false,"showFlares":true,"showImageEffects":true,"showParticleSystems":true,"showVisualEffectGraphs":true,"m_FxEnabled":true},"in2DMode":false,"pivot":{"x":0.18325136601924897,"y":12.916126251220704,"z":-715.4637451171875},"rotation":{"x":0.20834851264953614,"y":-0.25423330068588259,"z":0.056186430156230929,"w":0.9427785277366638},"size":0.6928348541259766,"orthographic":false}