{"cameraMode":{"drawMode":0,"name":"Shaded","section":"Shading Mode"},"sceneLighting":false,"audioPlay":false,"sceneViewState":{"m_AlwaysRefresh":false,"showFog":true,"showSkybox":false,"showFlares":true,"showImageEffects":true,"showParticleSystems":true,"showVisualEffectGraphs":true,"m_FxEnabled":true},"in2DMode":false,"pivot":{"x":-0.25906848907470705,"y":1.7776381969451905,"z":-0.3439919948577881},"rotation":{"x":0.2730519771575928,"y":-0.320431113243103,"z":0.09705649316310883,"w":0.9018768072128296},"size":2.3886072635650636,"orthographic":false}