{"cameraMode":{"drawMode":0,"name":"Shaded","section":"Shading Mode"},"sceneLighting":false,"audioPlay":false,"sceneViewState":{"m_AlwaysRefresh":false,"showFog":true,"showSkybox":false,"showFlares":true,"showImageEffects":true,"showParticleSystems":true,"showVisualEffectGraphs":true,"m_FxEnabled":true},"in2DMode":false,"pivot":{"x":-0.016977250576019288,"y":0.028850525617599489,"z":0.004005461931228638},"rotation":{"x":0.15787160396575929,"y":0.5008606314659119,"z":-0.09344984591007233,"w":0.8458701372146606},"size":0.6671962738037109,"orthographic":false}