{"cameraMode":{"drawMode":0,"name":"Shaded","section":"Shading Mode"},"sceneLighting":false,"audioPlay":false,"sceneViewState":{"m_AlwaysRefresh":false,"showFog":true,"showSkybox":false,"showFlares":true,"showImageEffects":true,"showParticleSystems":true,"showVisualEffectGraphs":true,"m_FxEnabled":true},"in2DMode":false,"pivot":{"x":-15.367048263549805,"y":5.293663501739502,"z":-773.952392578125},"rotation":{"x":-0.0021734354086220266,"y":-0.9707452654838562,"z":-0.008733859285712242,"w":0.2400297373533249},"size":11.029688835144043,"orthographic":false}