{"cameraMode":{"drawMode":0,"name":"Shaded","section":"Shading Mode"},"sceneLighting":false,"audioPlay":false,"sceneViewState":{"m_AlwaysRefresh":false,"showFog":true,"showSkybox":false,"showFlares":true,"showImageEffects":true,"showParticleSystems":true,"showVisualEffectGraphs":true,"m_FxEnabled":true},"in2DMode":false,"pivot":{"x":-10.370283126831055,"y":3.530296802520752,"z":-755.9644775390625},"rotation":{"x":0.11523260921239853,"y":0.015505068935453892,"z":-0.0017669647932052613,"w":0.9932354092597961},"size":12.142754554748536,"orthographic":false}